Ref,Val,Package,PosX,PosY,Rot,Side
"J1","TO NIXIE DRIVES","PinHeader_2x20_P2.54mm_Vertical",78.762500,-32.210000,-90.000000,bottom
"J2","Conn_01x03_Pin","JST_VH_B3P-VH-B_1x03_P3.96mm_Vertical",106.585000,-77.025000,180.000000,bottom
"Q1","FMMT497TA","SOT-23-3",68.750000,-60.550000,180.000000,bottom
"Q2","FMMT497TA","SOT-23-3",53.500000,-66.000000,45.000000,bottom
"Q3","FMMT497TA","SOT-23-3",50.500000,-55.500000,0.000000,bottom
"Q4","FMMT497TA","SOT-23-3",50.250000,-51.250000,0.000000,bottom
"Q5","FMMT497TA","SOT-23-3",53.000000,-44.695666,-45.000000,bottom
"Q6","FMMT497TA","SOT-23-3",59.500000,-42.862500,-90.000000,bottom
"Q7","FMMT497TA","SOT-23-3",66.054334,-44.945666,-135.000000,bottom
"Q8","FMMT497TA","SOT-23-3",68.500000,-51.000000,180.000000,bottom
"Q9","FMMT497TA","SOT-23-3",68.750000,-55.750000,180.000000,bottom
"Q10","FMMT497TA","SOT-23-3",50.500000,-60.250000,0.000000,bottom
"Q11","FMMT497TA","SOT-23-3",92.137500,-60.000000,180.000000,bottom
"Q12","FMMT497TA","SOT-23-3",76.476085,-65.617417,45.000000,bottom
"Q13","FMMT497TA","SOT-23-3",73.887500,-60.500000,0.000000,bottom
"Q14","FMMT497TA","SOT-23-3",76.882583,-44.726085,-45.000000,bottom
"Q15","FMMT497TA","SOT-23-3",82.950000,-42.887500,-90.000000,bottom
"Q16","FMMT497TA","SOT-23-3",74.000000,-55.750000,0.000000,bottom
"Q17","FMMT497TA","SOT-23-3",73.887500,-51.000000,0.000000,bottom
"Q18","FMMT497TA","SOT-23-3",92.112500,-55.250000,180.000000,bottom
"Q19","FMMT497TA","SOT-23-3",89.500000,-45.000000,-135.000000,bottom
"Q20","FMMT497TA","SOT-23-3",92.112500,-50.200000,180.000000,bottom
"Q21","FMMT497TA","SOT-23-3",130.000000,-59.700000,180.000000,bottom
"Q22","FMMT497TA","SOT-23-3",113.750000,-65.500000,45.000000,bottom
"Q23","FMMT497TA","SOT-23-3",111.000000,-59.750000,0.000000,bottom
"Q24","FMMT497TA","SOT-23-3",113.632583,-44.976085,-45.000000,bottom
"Q25","FMMT497TA","SOT-23-3",120.000000,-43.000000,-90.000000,bottom
"Q26","FMMT497TA","SOT-23-3",111.112500,-55.250000,0.000000,bottom
"Q27","FMMT497TA","SOT-23-3",111.000000,-51.000000,0.000000,bottom
"Q28","FMMT497TA","SOT-23-3",130.112500,-55.250000,180.000000,bottom
"Q29","FMMT497TA","SOT-23-3",127.273915,-44.726085,-135.000000,bottom
"Q30","FMMT497TA","SOT-23-3",130.112500,-50.500000,180.000000,bottom
"Q31","FMMT497TA","SOT-23-3",153.612500,-59.700000,180.000000,bottom
"Q32","FMMT497TA","SOT-23-3",138.000000,-65.500000,45.000000,bottom
"Q33","FMMT497TA","SOT-23-3",135.387500,-60.050000,0.000000,bottom
"Q34","FMMT497TA","SOT-23-3",137.945666,-44.945666,-45.000000,bottom
"Q35","FMMT497TA","SOT-23-3",144.550000,-42.887500,-90.000000,bottom
"Q36","FMMT497TA","SOT-23-3",135.362500,-55.250000,0.000000,bottom
"Q37","FMMT497TA","SOT-23-3",135.387500,-50.550000,0.000000,bottom
"Q38","FMMT497TA","SOT-23-3",153.637500,-54.500000,180.000000,bottom
"Q39","FMMT497TA","SOT-23-3",151.000000,-44.750000,-135.000000,bottom
"Q40","FMMT497TA","SOT-23-3",153.750000,-49.500000,180.000000,bottom
"R1","20k 1w","R_2512_6332Metric",64.325000,-73.825000,90.000000,bottom
"R2","20k 1w","R_2512_6332Metric",87.000000,-74.125000,90.000000,bottom
"R3","20k 1w","R_2512_6332Metric",124.700000,-75.987500,90.000000,bottom
"R4","20k 1w","R_2512_6332Metric",146.150000,-76.187500,90.000000,bottom
"ZD1","180v","D_SMB",66.050000,-67.675000,0.000000,bottom
"ZD2","180v","D_SMB",89.100000,-67.825000,0.000000,bottom
"ZD3","180v","D_SMB",122.475000,-69.825000,180.000000,bottom
"ZD4","180v","D_SMB",145.625000,-69.850000,180.000000,bottom
